rank, city, state, pop_2014, pop_2010, change, land_area, density, lat, lon
1 , New York , New York , 8491079 , 8175133 , +3.86 , 302.6 , 27012 , 40.6643, -73.9385
2 , Los Angeles , California , 3928864 , 3792621 , +3.59 , 468.7 , 8092 , 34.0194, -118.4108
3 , Chicago , Illinois , 2722389 , 2695598 , +0.99 , 227.6 , 11842 , 41.8376, -87.6818
4 , Houston , Texas , 2239558 , 2100263 , +6.63 , 599.6 , 3501 , 29.7805, -95.3863
5 , Philadelphia , Pennsylvania , 1560297 , 1526006 , +2.25 , 134.1 , 11379 , 40.0094, -75.1333
6 , Phoenix , Arizona , 1537058 , 1445632 , +6.32 , 516.7 , 2798 , 33.5722, -112.088
7 , San Antonio , Texas , 1436697 , 1327407 , +8.23 , 460.9 , 2880 , 29.4724, -98.5251
8 , San Diego , California , 1381069 , 1307402 , +5.63 , 325.2 , 4020 , 32.8153, -117.135
9 , Dallas , Texas , 1281047 , 1197816 , +6.95 , 340.5 , 3518 , 32.7757, -96.7967
10 , San Jose , California , 1015785 , 945942 , +7.38 , 176.6 , 5359 , 37.2969, -121.8193
11 , Austin , Texas , 912791 , 790390 , +15.49 , 322.48 , 2653 , 30.3072, -97.756
12 , Jacksonville , Florida , 853382 , 821784 , +3.85 , 747.0 , 1120 , 30.3370, -81.6613
13 , San Francisco , California , 852469 , 805235 , +5.87 , 46.9 , 17179 , 37.7751, -122.4193
14 , Indianapolis , Indiana , 848788 , 820445 , +3.45 , 361.4 , 2270 , 39.7767, -86.1459
15 , Columbus , Ohio , 835957 , 787033 , +6.22 , 217.2 , 3624 , 39.9848, -82.985
16 , Fort Worth , Texas , 812238 , 741206 , +9.58 , 339.8 , 2181 , 32.7795, -97.3463
17 , Charlotte , North Carolina , 809958 , 731424 , +10.74 , 297.7 , 2457 , 35.2087, -80.8307
18 , Detroit , Michigan , 680250 , 713777 , −4.70 , 138.8 , 5144 , 42.3830, -83.1022
19 , El Paso , Texas , 679036 , 649121 , +4.61 , 255.2 , 2543 , 31.8484, -106.427
20 , Seattle , Washington , 668342 , 608660 , +9.81 , 83.9 , 7251 , 47.6205, -122.3509
21 , Denver , Colorado , 663862 , 600158 , +10.61 , 153.0 , 3923 , 39.7618, -104.8806
22 , Washington , District of Columbia , 658893 , 601723 , +9.50 , 61.0 , 9856 , 38.9041, -77.0171
23 , Memphis , Tennessee , 656861 , 646889 , +1.54 , 315.1 , 2053 , 35.1035, -89.9785
24 , Boston , Massachusetts , 655884 , 617594 , +6.20 , 48.3 , 12793 , 42.3320, -71.0202
25 , Nashville , Tennessee , 644014 , 601222 , +7.12 , 475.1 , 1265 , 36.1718, -86.785
26 , Baltimore , Maryland , 622793 , 620961 , +0.30 , 80.9 , 7672 , 39.3002, -76.6105
27 , Oklahoma City , Oklahoma , 620602 , 579999 , +7.00 , 606.4 , 956 , 35.4671, -97.5137
28 , Portland , Oregon , 619360 , 583776 , +6.10 , 133.4 , 4375 , 45.5370, -122.65
29 , Las Vegas , Nevada , 613599 , 583756 , +5.11 , 135.8 , 4298 , 36.2277, -115.264
30 , Louisville , Kentucky , 612780 , 597337 , +2.59 , 325.2 , 1837 , 38.1781, -85.6667
31 , Milwaukee , Wisconsin , 599642 , 594833 , +0.81 , 96.1 , 6188 , 43.0633, -87.9667
32 , Albuquerque , New Mexico , 557169 , 545852 , +2.07 , 187.7 , 2908 , 35.1056, -106.6474
33 , Tucson , Arizona , 527972 , 520116 , +1.51 , 226.7 , 2294 , 32.1543, -110.8711
34 , Fresno , California , 515986 , 494665 , +4.31 , 113.2 , 4418 , 36.7827, -119.7945
35 , Sacramento , California , 485199 , 466488 , +4.01 , 97.9 , 4764 , 38.5666, -121.4686
36 , Long Beach , California , 473577 , 462257 , +2.45 , 50.3 , 9191 , 33.8091, -118.1553
37 , Kansas City , Missouri , 470800 , 459787 , +2.40 , 315.0 , 1460 , 39.1252, -94.5511
38 , Mesa , Arizona , 464704 , 439041 , +5.85 , 136.5 , 3218 , 33.4019, -111.7174
39 , Atlanta , Georgia , 456002 , 420003 , +8.57 , 133.2 , 3154 , 33.7629, -84.4227
40 , Virginia Beach , Virginia , 450980 , 437994 , +2.96 , 249.0 , 1759 , 36.7793, -76.024
41 , Omaha , Nebraska , 446599 , 408958 , +9.20 , 127.1 , 3218 , 41.2647, -96.0419
42 , Colorado Springs , Colorado , 445830 , 416427 , +7.06 , 194.5 , 2141 , 38.8673, -104.7607
43 , Raleigh , North Carolina , 439896 , 403892 , +8.91 , 142.9 , 2826 , 35.8302, -78.6414
44 , Miami , Florida , 430332 , 399457 , +7.73 , 35.9 , 11539 , 25.7752, -80.2086
45 , Oakland , California , 413775 , 390724 , +5.90 , 55.9 , 7004 , 37.7699, -122.2256
46 , Minneapolis , Minnesota , 407207 , 382578 , +6.44 , 54.0 , 7088 , 44.9633, -93.2683
47 , Tulsa , Oklahoma , 399682 , 391906 , +1.98 , 196.8 , 1992 , 36.1279, -95.9023
48 , Cleveland , Ohio , 389521 , 396815 , −1.84 , 77.7 , 5107 , 41.4781, -81.6795
49 , Wichita , Kansas , 388413 , 382368 , +1.58 , 159.3 , 2400 , 37.6907, -97.3427
50 , New Orleans , Louisiana , 384320 , 343829 , +11.78 , 169.4 , 2029 , 30.0686, -89.939
51 , Arlington , Texas , 383204 , 365438 , +4.86 , 95.9 , 3811 , 32.7007, -97.1247
52 , Bakersfield , California , 368759 , 347483 , +6.12 , 142.2 , 2444 , 35.3212, -119.0183
53 , Tampa , Florida , 358699 , 335709 , +6.85 , 113.4 , 3077 , 27.9701, -82.4797
54 , Aurora , Colorado , 353108 , 325078 , +8.62 , 154.1 , 2110 , 39.7082, -104.8235
55 , Honolulu , Hawai'i , 350399 , 337256 , +3.90 , 60.5 , 5573 , 21.3259, -157.8453
56 , Anaheim , California , 346997 , 336265 , +3.19 , 49.8 , 6748 , 33.8555, -117.7601
57 , Santa Ana , California , 334909 , 324528 , +3.20 , 27.3 , 11901 , 33.7365, -117.8826
58 , Corpus Christi , Texas , 320434 , 305215 , +4.99 , 160.6 , 1900 , 27.7543, -97.1734
59 , Riverside , California , 319504 , 303871 , +5.14 , 81.1 , 3745 , 33.9381, -117.3932
60 , St. Louis , Missouri , 317419 , 319294 , −0.59 , 61.9 , 5157 , 38.6357, -90.2446
61 , Lexington , Kentucky , 310797 , 295803 , +5.07 , 283.6 , 1043 , 38.0402, -84.4584
62 , Pittsburgh , Pennsylvania , 305412 , 305704 , −0.10 , 55.4 , 5521 , 40.4398, -79.9766
63 , Stockton , California , 302389 , 291707 , +3.66 , 61.7 , 4730 , 37.9763, -121.3133
64 , Anchorage , Alaska , 301010 , 291826 , +3.15 , 1704.7 , 171 , 61.2176, -149.8953
65 , Cincinnati , Ohio , 298165 , 296943 , +0.41 , 77.9 , 3810 , 39.1399, -84.5064
66 , Saint Paul , Minnesota , 297640 , 285068 , +4.41 , 52.0 , 5484 , 44.9489, -93.1039
67 , Greensboro , North Carolina , 282586 , 269666 , +4.79 , 126.5 , 2131 , 36.0965, -79.8271
68 , Toledo , Ohio , 281031 , 287208 , −2.15 , 80.7 , 3559 , 41.6641, -83.5819
69 , Newark , New Jersey , 280579 , 277140 , +1.24 , 24.2 , 11458 , 40.7242, -74.1726
70 , Plano , Texas , 278480 , 259841 , +7.17 , 71.6 , 3630 , 33.0508, -96.7479
71 , Henderson , Nevada , 277440 , 257729 , +7.65 , 107.7 , 2392 , 36.0122, -115.0375
72 , Lincoln , Nebraska , 272996 , 258379 , +5.66 , 89.1 , 2899 , 40.8090, -96.6804
73 , Orlando , Florida , 262372 , 238300 , +10.10 , 102.4 , 2327 , 28.4159, -81.2988
74 , Jersey City , New Jersey , 262146 , 247597 , +5.88 , 14.8 , 16737 , 40.7114, -74.0648
75 , Chula Vista , California , 260988 , 243916 , +7.00 , 49.6 , 4915 , 32.6277, -117.0152
76 , Buffalo , New York , 258703 , 261310 , −1.00 , 40.4 , 6471 , 42.8925, -78.8597
77 , Fort Wayne , Indiana , 258522 , 253691 , +1.90 , 110.6 , 2293 , 41.0882, -85.1439
78 , Chandler , Arizona , 254276 , 236123 , +7.69 , 64.4 , 3666 , 33.2829, -111.8549
79 , St. Petersburg , Florida , 253693 , 244769 , +3.65 , 61.7 , 3964 , 27.7620, -82.6441
80 , Laredo , Texas , 252309 , 236091 , +6.87 , 88.9 , 2655 , 27.5477, -99.4869
81 , Durham , North Carolina , 251893 , 228330 , +10.32 , 107.4 , 2127 , 35.9810, -78.9056
82 , Irvine , California , 248531 , 212375 , +17.02 , 66.1 , 3213 , 33.6784, -117.7713
83 , Madison , Wisconsin , 245691 , 233209 , +5.35 , 76.8 , 3037 , 43.0878, -89.4301
84 , Norfolk , Virginia , 245428 , 242803 , +1.08 , 54.1 , 4486 , 36.9230, -76.2446
85 , Lubbock , Texas , 243839 , 229573 , +6.21 , 122.4 , 1875 , 33.5665, -101.8867
86 , Gilbert , Arizona , 239277 , 208453 , +14.79 , 68.0 , 3067 , 33.3102, -111.7422
87 , Winston–Salem , North Carolina , 239269 , 229617 , +4.20 , 132.4 , 1734 , 36.1033, -80.2606
88 , Glendale , Arizona , 237517 , 226721 , +4.76 , 60.0 , 3780 , 33.5331, -112.1899
89 , Reno , Nevada , 236995 , 225221 , +5.23 , 103.0 , 2186 , 39.4745, -119.7765
90 , Hialeah , Florida , 235563 , 224669 , +4.85 , 21.5 , 10474 , 25.8699, -80.3029
91 , Garland , Texas , 235501 , 226876 , +3.80 , 57.1 , 3974 , 32.9098, -96.6304
92 , Chesapeake , Virginia , 233371 , 222209 , +5.02 , 340.8 , 652 , 36.6794, -76.3018
93 , Irving , Texas , 232406 , 216290 , +7.45 , 67.0 , 3227 , 32.8577, -96.97
94 , North Las Vegas , Nevada , 230788 , 216961 , +6.37 , 101.3 , 2141 , 36.2830, -115.0893
95 , Scottsdale , Arizona , 230512 , 217385 , +6.04 , 183.9 , 1182 , 33.6687, -111.8237
96 , Baton Rouge , Louisiana , 228895 , 229493 , −0.26 , 76.9 , 2982 , 30.4485, -91.1259
97 , Fremont , California , 228758 , 214089 , +6.85 , 77.5 , 2764 , 37.4944, -121.9411
98 , Richmond , Virginia , 217853 , 204214 , +6.68 , 59.8 , 3415 , 37.5314, -77.476
99 , Boise , Idaho , 216282 , 205671 , +5.16 , 79.4 , 2592 , 43.5985, -116.2311
100 , San Bernardino , California , 215213 , 209924 , +2.52 , 59.2 , 3546 , 34.1393, -117.2953
101 , Birmingham , Alabama , 212247 , 212237 , 0.00 , 146.1 , 1453 , 33.5274, -86.799
102 , Spokane , Washington , 212052 , 208916 , +1.50 , 59.2 , 3526 , 47.6736, -117.4166
103 , Rochester , New York , 209983 , 210565 , −0.28 , 35.8 , 5885 , 43.1699, -77.6169
104 , Modesto , California , 209286 , 201165 , +4.04 , 36.9 , 5456 , 37.6609, -120.9891
105 , Des Moines , Iowa , 209220 , 203433 , +2.84 , 80.9 , 2516 , 41.5739, -93.6167
106 , Oxnard , California , 205437 , 197899 , +3.81 , 26.9 , 7358 , 34.2023, -119.2046
107 , Tacoma , Washington , 205159 , 198397 , +3.41 , 49.7 , 3990 , 47.2522, -122.4598
108 , Fontana , California , 204950 , 196069 , +4.53 , 42.4 , 4621 , 34.1088, -117.4627
109 , Fayetteville , North Carolina , 203948 , 200564 , +1.69 , 145.8 , 1375 , 35.0851, -78.9803
110 , Moreno Valley , California , 202976 , 193365 , +4.97 , 51.3 , 3771 , 33.9233, -117.2057
111 , Columbus , Georgia , 200887 , 189885 , +5.79 , 216.4 , 878 , 32.5102, -84.8749
112 , Huntington Beach , California , 200809 , 189992 , +5.69 , 26.7 , 7103 , 33.6906, -118.0093
113 , Yonkers , New York , 200667 , 195976 , +2.39 , 18.0 , 10880 , 40.9459, -73.8674
114 , Montgomery , Alabama , 200481 , 205764 , −2.57 , 159.6 , 1290 , 32.3463, -86.2686
115 , Aurora , Illinois , 200456 , 197899 , +1.29 , 44.9 , 4404 , 41.7635, -88.2901
116 , Glendale , California , 200167 , 191719 , +4.41 , 30.5 , 6295 , 34.1814, -118.2458
117 , Shreveport , Louisiana , 198242 , 199311 , −0.54 , 105.4 , 1891 , 32.4670, -93.7927
118 , Akron , Ohio , 197859 , 199110 , −0.63 , 62.0 , 3210 , 41.0805, -81.5214
119 , Little Rock , Arkansas , 197706 , 193524 , +2.16 , 119.2 , 1624 , 34.7254, -92.3586
120 , Amarillo , Texas , 197254 , 190695 , +3.44 , 99.5 , 1917 , 35.1978, -101.8287
121 , Augusta , Georgia , 196741 , 195844 , +0.46 , 302.5 , 647 , 33.3655, -82.0734
122 , Mobile , Alabama , 194675 , 195111 , −0.22 , 139.1 , 1403 , 30.6684, -88.1002
123 , Grand Rapids , Michigan , 193792 , 188040 , +3.06 , 44.4 , 4236 , 42.9612, -85.6556
124 , Salt Lake City , Utah , 190884 , 186440 , +2.38 , 111.1 , 1678 , 40.7785, -111.9314
125 , Huntsville , Alabama , 188226 , 180105 , +4.51 , 209.1 , 862 , 34.7843, -86.539
126 , Tallahassee , Florida , 188107 , 181376 , +3.71 , 100.2 , 1809 , 30.4551, -84.2534
127 , Grand Prairie , Texas , 185453 , 175396 , +5.73 , 72.1 , 2433 , 32.6842, -97.021
128 , Overland Park , Kansas , 184525 , 173372 , +6.43 , 74.8 , 2317 , 38.8890, -94.6906
129 , Knoxville , Tennessee , 184281 , 178874 , +3.02 , 98.5 , 1816 , 35.9709, -83.9465
130 , Brownsville , Texas , 183046 , 175023 , +4.58 , 132.3 , 1323 , 26.0183, -97.4538
131 , Worcester , Massachusetts , 183016 , 181045 , +1.09 , 37.4 , 4845 , 42.2695, -71.8078
132 , Newport News , Virginia , 182965 , 180719 , +1.24 , 68.7 , 2630 , 37.0760, -76.5217
133 , Santa Clarita , California , 181557 , 176320 , +2.97 , 52.7 , 3345 , 34.4049, -118.5047
134 , Providence , Rhode Island , 179154 , 178042 , +0.62 , 18.4 , 9676 , 41.8231, -71.4188
135 , Fort Lauderdale , Florida , 176013 , 165521 , +6.34 , 34.8 , 4761 , 26.1413, -80.1439
136 , Garden Grove , California , 175078 , 170883 , +2.45 , 17.9 , 9525 , 33.7788, -117.9605
137 , Oceanside , California , 174558 , 167086 , +4.47 , 41.2 , 4052 , 33.2246, -117.3062
138 , Rancho Cucamonga , California , 174305 , 165269 , +5.47 , 39.9 , 4147 , 34.1233, -117.5642
139 , Santa Rosa , California , 174170 , 167815 , +3.79 , 41.3 , 4064 , 38.4468, -122.7061
140 , Port St. Lucie , Florida , 174110 , 164603 , +5.78 , 114.0 , 1444 , 27.2810, -80.3838
141 , Chattanooga , Tennessee , 173778 , 167674 , +3.64 , 137.2 , 1223 , 35.0665, -85.2471
142 , Tempe , Arizona , 172816 , 161719 , +6.86 , 39.9 , 4050 , 33.3884, -111.9318
143 , Jackson , Mississippi , 171155 , 173514 , −1.36 , 111.0 , 1563 , 32.3158, -90.2128
144 , Cape Coral , Florida , 169854 , 154305 , +10.08 , 105.7 , 1460 , 26.6431, -81.9973
145 , Vancouver , Washington , 169294 , 161791 , +4.64 , 46.5 , 3483 , 45.6372, -122.5965
146 , Ontario , California , 169089 , 163924 , +3.15 , 49.9 , 3282 , 34.0395, -117.6088
147 , Sioux Falls , South Dakota , 168586 , 153888 , +9.55 , 73.0 , 2109 , 43.5383, -96.732
148 , Peoria , Arizona , 166934 , 154065 , +8.35 , 174.4 , 883 , 33.7877, -112.3111
149 , Springfield , Missouri , 165378 , 159498 , +3.69 , 81.7 , 1952 , 37.1942, -93.2913
150 , Pembroke Pines , Florida , 164626 , 154019 , +6.89 , 33.1 , 4672 , 26.0212, -80.3404
151 , Elk Grove , California , 163553 , 153015 , +6.89 , 42.2 , 3627 , 38.4144, -121.3849
152 , Salem , Oregon , 161637 , 154637 , +4.53 , 47.9 , 3229 , 44.9237, -123.0231
153 , Corona , California , 161486 , 152374 , +5.98 , 38.8 , 3925 , 33.8624, -117.5639
154 , Lancaster , California , 161043 , 156633 , +2.82 , 94.3 , 1661 , 34.6936, -118.1753
155 , Eugene , Oregon , 160561 , 156185 , +2.80 , 43.7 , 3572 , 44.0567, -123.1162
156 , Palmdale , California , 158279 , 152750 , +3.62 , 106.0 , 1442 , 34.5913, -118.109
157 , McKinney , Texas , 156767 , 131117 , +19.56 , 62.2 , 2108 , 33.2012, -96.668
158 , Salinas , California , 156677 , 150441 , +4.15 , 23.2 , 6490 , 36.6902, -121.6337
159 , Fort Collins , Colorado , 156480 , 143986 , +8.68 , 54.3 , 2653 , 40.5482, -105.0648
160 , Cary , North Carolina , 155227 , 135234 , +14.78 , 54.3 , 2488 , 35.7821, -78.8141
161 , Hayward , California , 154612 , 144186 , +7.23 , 45.3 , 3181 , 37.6281, -122.1063
162 , Springfield , Massachusetts , 153991 , 153060 , +0.61 , 31.9 , 4803 , 42.1155, -72.54
163 , Pasadena , Texas , 153887 , 149043 , +3.25 , 42.8 , 3485 , 29.6583, -95.1505
164 , Macon , Georgia , 153691 , 91351 , +68.24 , 255.1 , 614 , 32.505, -83.396
165 , Pomona , California , 153350 , 149058 , +2.88 , 23.0 , 6494 , 34.0586, -117.7613
166 , Alexandria , Virginia , 150575 , 139966 , +7.58 , 15.0 , 9314 , 38.8183, -77.082
167 , Escondido , California , 150243 , 143911 , +4.40 , 36.8 , 3909 , 33.1336, -117.0732
168 , Sunnyvale , California , 149980 , 140081 , +7.07 , 22.0 , 6371 , 37.3858, -122.0263
169 , Lakewood , Colorado , 149643 , 142980 , +4.66 , 42.9 , 3334 , 39.6989, -105.1176
170 , Kansas City , Kansas , 149636 , 145786 , +2.64 , 124.8 , 1168 , 39.1225, -94.7418
171 , Rockford , Illinois , 149123 , 152871 , −2.45 , 61.1 , 2503 , 42.2634, -89.0628
172 , Torrance , California , 148495 , 145438 , +2.10 , 20.5 , 7102 , 33.8350, -118.3414
173 , Hollywood , Florida , 148047 , 140768 , +5.17 , 27.4 , 5144 , 26.0311, -80.1646
174 , Joliet , Illinois , 147928 , 147433 , +0.34 , 62.1 , 2374 , 41.5181, -88.1584
175 , Bridgeport , Connecticut , 147612 , 144229 , +2.35 , 16.0 , 9029 , 41.1874, -73.1957
176 , Clarksville , Tennessee , 146806 , 132929 , +10.44 , 97.6 , 1362 , 36.5664, -87.3452
177 , Paterson , New Jersey , 146753 , 146199 , +0.38 , 8.4 , 17346 , 40.9147, -74.1628
178 , Naperville , Illinois , 146128 , 141853 , +3.01 , 38.8 , 3659 , 41.7492, -88.162
179 , Frisco , Texas , 145035 , 116989 , +23.97 , 61.8 , 1893 , 33.1510, -96.8193
180 , Mesquite , Texas , 144416 , 139824 , +3.28 , 46.0 , 3038 , 32.7639, -96.5924
181 , Savannah , Georgia , 144352 , 136286 , +5.92 , 103.2 , 1321 , 32.0025, -81.1536
182 , Syracuse , New York , 144263 , 145170 , −0.62 , 25.0 , 5797 , 43.0410, -76.1436
183 , Dayton , Ohio , 141003 , 141527 , −0.37 , 55.7 , 2543 , 39.7774, -84.1996
184 , Pasadena , California , 140881 , 137122 , +2.74 , 23.0 , 5970 , 34.1606, -118.1396
185 , Orange , California , 139812 , 136416 , +2.49 , 24.8 , 5501 , 33.8048, -117.8249
186 , Fullerton , California , 139677 , 135161 , +3.34 , 22.4 , 6047 , 33.8857, -117.928
187 , McAllen , Texas , 138596 , 129877 , +6.71 , 48.3 , 2687 , 26.2185, -98.2461
188 , Killeen , Texas , 138154 , 127921 , +8.00 , 53.6 , 2387 , 31.0777, -97.732
189 , Hampton , Virginia , 136879 , 137436 , −0.41 , 51.4 , 2673 , 37.0480, -76.2971
190 , Bellevue , Washington , 136426 , 122363 , +11.49 , 32.0 , 3828 , 47.5978, -122.1565
191 , Warren , Michigan , 135099 , 134056 , +0.78 , 34.4 , 3899 , 42.4929, -83.025
192 , Miramar , Florida , 134989 , 122041 , +10.61 , 29.5 , 4134 , 25.9770, -80.3358
193 , West Valley City , Utah , 134495 , 129480 , +3.87 , 35.6 , 3642 , 40.6885, -112.0118
194 , Olathe , Kansas , 133062 , 125872 , +5.71 , 59.7 , 2110 , 38.8843, -94.8188
195 , Columbia , South Carolina , 132067 , 129272 , +2.16 , 132.2 , 978 , 34.0298, -80.8966
196 , Sterling Heights , Michigan , 131741 , 129699 , +1.57 , 36.5 , 3553 , 42.5812, -83.0303
197 , Thornton , Colorado , 130307 , 118772 , +9.71 , 34.8 , 3409 , 39.9180, -104.9454
198 , New Haven , Connecticut , 130282 , 129779 , +0.39 , 18.7 , 6948 , 41.3108, -72.925
199 , Waco , Texas , 130194 , 124805 , +4.32 , 89.0 , 1403 , 31.5601, -97.186
200 , Charleston , South Carolina , 130113 , 120083 , +8.35 , 109.0 , 1102 , 32.8179, -79.9589
201 , Thousand Oaks , California , 129342 , 126683 , +2.10 , 55.0 , 2302 , 34.1933, -118.8742
202 , Visalia , California , 129281 , 124442 , +3.89 , 36.2 , 3433 , 36.3272, -119.3234
203 , Cedar Rapids , Iowa , 129195 , 126326 , +2.27 , 70.8 , 1784 , 41.9670, -91.6778
204 , Elizabeth , New Jersey , 128705 , 124969 , +2.99 , 12.3 , 10144 , 40.6663, -74.1935
205 , Roseville , California , 128615 , 118788 , +8.27 , 36.2 , 3279 , 38.7657, -121.3032
206 , Gainesville , Florida , 128460 , 124354 , +3.30 , 61.3 , 2028 , 29.6788, -82.3459
207 , Carrollton , Texas , 128353 , 119097 , +7.77 , 36.3 , 3281 , 32.9884, -96.8998
208 , Stamford , Connecticut , 128278 , 122643 , +4.59 , 37.6 , 3258 , 41.0799, -73.546
209 , Denton , Texas , 128205 , 113383 , +13.07 , 88.0 , 1289 , 33.2151, -97.1417
210 , Midland , Texas , 128037 , 111147 , +15.20 , 72.1 , 1542 , 32.0299, -102.1097
211 , Coral Springs , Florida , 127952 , 121096 , +5.66 , 23.8 , 5090 , 26.2708, -80.2593
212 , Concord , California , 127522 , 122067 , +4.47 , 30.5 , 3996 , 37.9722, -122.0016
213 , Topeka , Kansas , 127215 , 127473 , −0.20 , 60.2 , 2119 , 39.0362, -95.6948
214 , Simi Valley , California , 126871 , 124237 , +2.12 , 41.5 , 2995 , 34.2669, -118.7485
215 , Surprise , Arizona , 126275 , 117517 , +7.45 , 105.7 , 1111 , 33.6706, -112.4527
216 , Lafayette , Louisiana , 126066 , 120623 , +4.51 , 49.2 , 2450 , 30.2116, -92.0314
217 , Kent , Washington , 125560 , 92411 , +35.87 , 28.6 , 3228 , 47.3853, -122.2169
218 , Hartford , Connecticut , 124705 , 124775 , −0.06 , 17.4 , 7179 , 41.7660, -72.6833
219 , Santa Clara , California , 122192 , 116468 , +4.91 , 18.4 , 6327 , 37.3646, -121.9679
220 , Victorville , California , 121901 , 115903 , +5.18 , 73.2 , 1584 , 34.5277, -117.3536
221 , Abilene , Texas , 120958 , 117063 , +3.33 , 106.8 , 1096 , 32.4545, -99.7381
222 , Murfreesboro , Tennessee , 120954 , 108755 , +11.22 , 55.3 , 1965 , 35.8522, -86.4161
223 , Evansville , Indiana , 120346 , 117429 , +2.48 , 44.2 , 2660 , 37.9877, -87.5347
224 , Vallejo , California , 120228 , 115942 , +3.70 , 30.7 , 3780 , 38.1079, -122.2639
225 , Athens , Georgia , 119648 , 115452 , +3.63 , 116.4 , 992 , 33.9496, -83.3701
226 , Allentown , Pennsylvania , 119104 , 118032 , +0.91 , 17.5 , 6727 , 40.5940, -75.4782
227 , Berkeley , California , 118853 , 112580 , +5.57 , 10.5 , 10752 , 37.8667, -122.2991
228 , Norman , Oklahoma , 118040 , 110925 , +6.41 , 178.8 , 621 , 35.22, -97.44
229 , Ann Arbor , Michigan , 117770 , 113934 , +3.37 , 27.8 , 4094 , 42.2756, -83.7313
230 , Beaumont , Texas , 117585 , 118296 , −0.60 , 82.8 , 1429 , 30.0843, -94.1458
231 , Independence , Missouri , 117494 , 116830 , +0.57 , 77.6 , 1506 , 39.0853, -94.3513
232 , Columbia , Missouri , 116906 , 108500 , +7.75 , 63.1 , 1720 , 38.9479, -92.3261
233 , Springfield , Illinois , 116809 , 116250 , +0.48 , 59.5 , 1954 , 39.7639, -89.6708
234 , El Monte , California , 116631 , 113475 , +2.78 , 9.6 , 11867 , 34.0746, -118.0291
235 , Fargo , North Dakota , 115863 , 105549 , +9.77 , 48.8 , 2162 , 46.8652, -96.829
236 , Peoria , Illinois , 115828 , 115007 , +0.71 , 48.0 , 2396 , 40.7523, -89.6171
237 , Provo , Utah , 114801 , 112488 , +2.06 , 41.7 , 2699 , 40.2453, -111.6448
238 , Lansing , Michigan , 114620 , 114297 , +0.28 , 36.0 , 3171 , 42.7098, -84.5562
239 , Odessa , Texas , 114597 , 99940 , +14.67 , 42.0 , 2382 , 31.8804, -102.3434
240 , Downey , California , 114172 , 111772 , +2.15 , 12.4 , 9008 , 33.9382, -118.1309
241 , Wilmington , North Carolina , 113657 , 106476 , +6.74 , 51.5 , 2068 , 34.2092, -77.8858
242 , Arvada , Colorado , 113574 , 106433 , +6.71 , 35.1 , 3029 , 39.8097, -105.1066
243 , Costa Mesa , California , 112784 , 109960 , +2.57 , 15.7 , 7025 , 33.6659, -117.9123
244 , Round Rock , Texas , 112744 , 99887 , +12.87 , 34.1 , 2928 , 30.5237, -97.6674
245 , Carlsbad , California , 112299 , 105328 , +6.62 , 37.7 , 2792 , 33.1239, -117.2828
246 , Miami Gardens , Florida , 112265 , 107167 , +4.76 , 18.2 , 5878 , 25.9489, -80.2436
247 , Westminster , Colorado , 112090 , 106114 , +5.63 , 31.6 , 3363 , 39.8822, -105.0644
248 , Inglewood , California , 111905 , 109673 , +2.04 , 9.1 , 12095 , 33.9561, -118.3443
249 , Rochester , Minnesota , 111402 , 106769 , +4.34 , 54.6 , 1956 , 44.0154, -92.4772
250 , Fairfield , California , 111125 , 105321 , +5.51 , 37.4 , 2817 , 38.2568, -122.0397
251 , Elgin , Illinois , 111117 , 108188 , +2.71 , 37.2 , 2911 , 42.0396, -88.3217
252 , West Jordan , Utah , 110920 , 103712 , +6.95 , 32.5 , 3195 , 40.6023, -112.001
253 , Clearwater , Florida , 110703 , 107685 , +2.80 , 25.6 , 4213 , 27.9795, -82.7663
254 , Manchester , New Hampshire , 110448 , 109565 , +0.81 , 33.1 , 3310 , 42.9847, -71.4439
255 , Lowell , Massachusetts , 109945 , 106519 , +3.22 , 13.6 , 7842 , 42.6389, -71.3221
256 , Gresham , Oregon , 109892 , 105594 , +4.07 , 23.2 , 4551 , 45.5023, -122.4416
257 , Cambridge , Massachusetts , 109694 , 105162 , +4.31 , 6.4 , 16469 , 42.3760, -71.1183
258 , Ventura , California , 109484 , 106433 , +2.87 , 21.7 , 4915 , 34.2681, -119.255
259 , Temecula , California , 109428 , 100097 , +9.32 , 30.2 , 3320 , 33.5019, -117.1246
260 , Waterbury , Connecticut , 109307 , 110366 , −0.96 , 28.5 , 3870 , 41.5585, -73.0367
261 , Antioch , California , 108930 , 102372 , +6.41 , 28.3 , 3611 , 37.9775, -121.7976
262 , Billings , Montana , 108869 , 104170 , +4.51 , 43.4 , 2399 , 45.7895, -108.5499
263 , High Point , North Carolina , 108629 , 104371 , +4.08 , 53.8 , 1940 , 35.9855, -79.9902
264 , Richardson , Texas , 108617 , 99223 , +9.47 , 28.6 , 3474 , 32.9723, -96.7081
265 , Richmond , California , 108565 , 103701 , +4.69 , 30.1 , 3449 , 37.9530, -122.3594
266 , West Covina , California , 108455 , 106098 , +2.22 , 16.0 , 6614 , 34.0559, -117.9099
267 , Pueblo , Colorado , 108423 , 106595 , +1.71 , 53.6 , 1987 , 38.2731, -104.6124
268 , Murrieta , California , 108368 , 103466 , +4.74 , 33.6 , 3081 , 33.5719, -117.1907
269 , Centennial , Colorado , 107201 , 100377 , +6.80 , 28.7 , 3495 , 39.5906, -104.8691
270 , Norwalk , California , 107096 , 105549 , +1.47 , 9.7 , 10873 , 33.9069, -118.0834
271 , North Charleston , South Carolina , 106749 , 97471 , +9.52 , 76.6 , 1393 , 32.8853, -80.0169
272 , Everett , Washington , 106736 , 103019 , +3.61 , 33.4 , 3080 , 48.0033, -122.1742
273 , Pompano Beach , Florida , 106105 , 99845 , +6.27 , 24.0 , 4160 , 26.2426, -80.129
274 , Daly City , California , 106094 , 101123 , +4.92 , 7.7 , 13195 , 37.7009, -122.465
275 , Palm Bay , Florida , 105838 , 103190 , +2.57 , 65.7 , 1571 , 27.9856, -80.6626
276 , Burbank , California , 105368 , 103340 , +1.96 , 17.3 , 5959 , 34.1890, -118.3249
277 , Wichita Falls , Texas , 105114 , 104553 , +0.54 , 72.1 , 1449 , 33.9067, -98.5259
278 , Boulder , Colorado , 105112 , 97385 , +7.93 , 25.7 , 3947 , 40.0175, -105.2797
279 , Green Bay , Wisconsin , 104891 , 104057 , +0.80 , 45.5 , 2289 , 44.5207, -87.9842
280 , Broken Arrow , Oklahoma , 104726 , 98850 , +5.94 , 61.6 , 1605 , 36.0365, -95.781
281 , West Palm Beach , Florida , 104031 , 99919 , +4.12 , 55.3 , 1807 , 26.7483, -80.1266
282 , College Station , Texas , 103483 , 93857 , +10.26 , 49.6 , 1978 , 30.6013, -96.3144
283 , Pearland , Texas , 103441 , 91252 , +13.36 , 47.5 , 1900 , 29.5544, -95.2958
284 , Santa Maria , California , 103410 , 99553 , +3.87 , 22.8 , 4375 , 34.9332, -120.4438
285 , El Cajon , California , 103091 , 99478 , +3.63 , 14.4 , 6892 , 32.8017, -116.9605
286 , San Mateo , California , 102893 , 97207 , +5.85 , 15.9 , 8014 , 37.5542, -122.3131
287 , Lewisville , Texas , 102889 , 95290 , +7.97 , 42.5 , 2618 , 33.0383, -97.0061
288 , Rialto , California , 102741 , 99171 , +3.60 , 22.4 , 4437 , 34.1118, -117.3883
289 , Davenport , Iowa , 102448 , 99685 , +2.77 , 62.9 , 1584 , 41.5541, -90.604
290 , Lakeland , Florida , 102346 , 97422 , +5.05 , 74.4 , 1711 , 28.0411, -81.9589
291 , Clovis , California , 102189 , 95631 , +6.86 , 23.3 , 4386 , 36.4931, -119.4211
292 , Edison , New Jersey , 101970 , 99967 , +2.00 , 30.6 , 3339.0 , 40.5040, -74.3494
293 , Sandy Springs , Georgia , 101908 , 93853 , +8.58 , 39.0 , 2613.0 , 33.5615, -84.227
294 , Tyler , Texas , 101421 , 96900 , +4.67 , 54.4 , 1782 , 32.35, -95.3
295 , Las Cruces , New Mexico , 101408 , 97618 , +3.88 , 76.3 , 1279 , 32.3197, -106.7653
296 , South Bend , Indiana , 101190 , 101168 , +0.02 , 41.5 , 2440 , 41.6769, -86.269
297 , Woodbridge , New Jersey , 100824 , 99585 , +1.24 , 24.5 , 4290.0 , 40.5608, -74.2926
